Workbook

Sheet Carta Gantt
A1: CARTA GANTT · CRM EASY OFFICE
A2: Planificación macro de 18 semanas · línea base (Plan) y avance real (Real). La ejecución operativa se gestiona con Scrum en GitHub Projects.
A3: Inicio del proyecto (lunes S1) | C3: 46244 | F3: Semana actual | H3: =INT(($C$4-$C$3)/7)+1 -> 9
A4: Fecha de corte del avance | C4: 46304 | F4: Semana inicio Sprint 1 | H4: 7 | J4: Celdas en azul con fondo amarillo = datos a editar · Barra clara = Plan · Barra oscura = Real · Línea roja = semana actual · ◆ = hito
A6: N° | B6: Actividad | C6: Responsable | D6: Línea | E6: Inicio | F6: Fin | G6: Estado | H6: Desv. (sem) | I6: Nota | J6: ETAPA 1 · DEFINICIÓN | N6: ETAPA 2 · CONSTRUCCIÓN | Y6: ETAPA 3 · CIERRE
J7: 1 | K7: 2 | L7: 3 | M7: 4 | N7: 5 | O7: 6 | P7: 7 | Q7: 8 | R7: 9 | S7: 10 | T7: 11 | U7: 12 | V7: 13 | W7: 14 | X7: 15 | Y7: 16 | Z7: 17 | AA7: 18
A8: Lunes de cada semana | J8: =$C$3+7*(J$7-1) -> 46244 | K8: =$C$3+7*(K$7-1) -> 46251 | L8: =$C$3+7*(L$7-1) -> 46258 | M8: =$C$3+7*(M$7-1) -> 46265 | N8: =$C$3+7*(N$7-1) -> 46272 | O8: =$C$3+7*(O$7-1) -> 46279 | P8: =$C$3+7*(P$7-1) -> 46286 | Q8: =$C$3+7*(Q$7-1) -> 46293 | ... AA8: =$C$3+7*(AA$7-1) -> 46363
A9: Sprints de 2 semanas | J9: =IF(AND(J$7>=$H$4,J$7<=$H$4+9),"Sp "&(INT((J$7-$H$4)/2)+1),"") | K9: =IF(AND(K$7>=$H$4,K$7<=$H$4+9),"Sp "&(INT((K$7-$H$4)/2)+1),"") | L9: =IF(AND(L$7>=$H$4,L$7<=$H$4+9),"Sp "&(INT((L$7-$H$4)/2)+1),"") | M9: =IF(AND(M$7>=$H$4,M$7<=$H$4+9),"Sp "&(INT((M$7-$H$4)/2)+1),"") | N9: =IF(AND(N$7>=$H$4,N$7<=$H$4+9),"Sp "&(INT((N$7-$H$4)/2)+1),"") | O9: =IF(AND(O$7>=$H$4,O$7<=$H$4+9),"Sp "&(INT((O$7-$H$4)/2)+1),"") | P9: =IF(AND(P$7>=$H$4,P$7<=$H$4+9),"Sp "&(INT((P$7-$H$4)/2)+1),"") -> Sp 1 | Q9: =IF(AND(Q$7>=$H$4,Q$7<=$H$4+9),"Sp "&(INT((Q$7-$H$4)/2)+1),"") -> Sp 1 | ... AA9: =IF(AND(AA$7>=$H$4,AA$7<=$H$4+9),"Sp "&(INT((AA$7-$H$4)/2)+1),"")
A10: Hitos (ver hoja Hitos) | J10: =IF(COUNTIF(Hitos!$B$4:$B$13,J$7)>0,"◆","") | K10: =IF(COUNTIF(Hitos!$B$4:$B$13,K$7)>0,"◆","") | L10: =IF(COUNTIF(Hitos!$B$4:$B$13,L$7)>0,"◆","") | M10: =IF(COUNTIF(Hitos!$B$4:$B$13,M$7)>0,"◆","") | N10: =IF(COUNTIF(Hitos!$B$4:$B$13,N$7)>0,"◆","") -> ◆ | O10: =IF(COUNTIF(Hitos!$B$4:$B$13,O$7)>0,"◆","") -> ◆ | P10: =IF(COUNTIF(Hitos!$B$4:$B$13,P$7)>0,"◆","") | Q10: =IF(COUNTIF(Hitos!$B$4:$B$13,Q$7)>0,"◆","") -> ◆ | ... AA10: =IF(COUNTIF(Hitos!$B$4:$B$13,AA$7)>0,"◆","") -> ◆
A11: 1 | B11: Levantamiento y validación de requerimientos | C11: Fernando / Equipo | D11: Plan | E11: 1 | F11: 3 | G11: Completado | I11: Especificaciones en S7. Validación con Easy Office el 08-10 (S9, ACTA-002).
D12: Real | E12: 1 | F12: 9 | H12: =IF(E12="",IF($H$3>E11,$H$3-E11,""),IF(F12<>"",F12-F11,MAX(0,E12-E11,$H$3-F11))) -> 6
A13: 2 | B13: Product Vision, MVP y Product Backlog | C13: Fernando / Equipo | D13: Plan | E13: 2 | F13: 4 | G13: Completado | I13: Versión 2.0 tras incorporar las especificaciones formales.
D14: Real | E14: 2 | F14: 7 | H14: =IF(E14="",IF($H$3>E13,$H$3-E13,""),IF(F14<>"",F14-F13,MAX(0,E14-E13,$H$3-F13))) -> 3
A15: 3 | B15: Mockups y validación de flujos | C15: Marcos | D15: Plan | E15: 2 | F15: 4 | G15: En curso · validación pendiente | I15: Prototipo de 8 pantallas listo; falta validarlo con la contraparte.
D16: Real | E16: 2 | H16: =IF(E16="",IF($H$3>E15,$H$3-E15,""),IF(F16<>"",F16-F15,MAX(0,E16-E15,$H$3-F15))) -> 5
A17: 4 | B17: Arquitectura y seguridad | C17: Fernando | D17: Plan | E17: 3 | F17: 5 | G17: Completado (v1.0) | I17: Dos semanas de atraso: se esperaron las especificaciones formales.
D18: Real | E18: 3 | F18: 7 | H18: =IF(E18="",IF($H$3>E17,$H$3-E17,""),IF(F18<>"",F18-F17,MAX(0,E18-E17,$H$3-F17))) -> 2
A19: 5 | B19: Modelo de datos y estrategia de migración | C19: Nicolás | D19: Plan | E19: 3 | F19: 6 | G19: Completado (v1.0) | I19: Una semana de atraso. Ajustes al recibir la planilla Excel.
D20: Real | E20: 3 | F20: 7 | H20: =IF(E20="",IF($H$3>E19,$H$3-E19,""),IF(F20<>"",F20-F19,MAX(0,E20-E19,$H$3-F19))) -> 1
A21: 6 | B21: Implementación del núcleo interno | C21: Equipo | D21: Plan | E21: 5 | F21: 10 | G21: En curso · Sprint 2 | I21: Inicio real con el Sprint 1 el 22-09.
D22: Real | E22: 7 | H22: =IF(E22="",IF($H$3>E21,$H$3-E21,""),IF(F22<>"",F22-F21,MAX(0,E22-E21,$H$3-F21))) -> 2
A23: 7 | B23: Automatización documental | C23: Fernando / Nicolás | D23: Plan | E23: 8 | F23: 13 | G23: No iniciada | I23: Depende de las plantillas de Easy Office.
D24: Real | H24: =IF(E24="",IF($H$3>E23,$H$3-E23,""),IF(F24<>"",F24-F23,MAX(0,E24-E23,$H$3-F23))) -> 1
A25: 8 | B25: Integración firma electrónica y pagos | C25: Fernando / Nicolás | D25: Plan | E25: 10 | F25: 14 | G25: No iniciada | I25: Depende de credenciales y proveedor de pago.
D26: Real | H26: =IF(E26="",IF($H$3>E25,$H$3-E25,""),IF(F26<>"",F26-F25,MAX(0,E26-E25,$H$3-F25)))
A27: 9 | B27: Pruebas, correcciones y validación | C27: Equipo | D27: Plan | E27: 9 | F27: 15 | G27: No iniciada | I27: Pruebas unitarias dentro de cada sprint desde S7.
D28: Real | H28: =IF(E28="",IF($H$3>E27,$H$3-E27,""),IF(F28<>"",F28-F27,MAX(0,E28-E27,$H$3-F27)))
A29: 10 | B29: Despliegue y documentación técnica | C29: Equipo | D29: Plan | E29: 13 | F29: 16 | G29: No iniciada | I29: Alojamiento pendiente de definir con Easy Office.
D30: Real | H30: =IF(E30="",IF($H$3>E29,$H$3-E29,""),IF(F30<>"",F30-F29,MAX(0,E30-E29,$H$3-F29)))
A31: 11 | B31: Cierre, entrega y traspaso | C31: Equipo | D31: Plan | E31: 16 | F31: 18 | G31: No iniciada | I31: Requiere MVP estable antes de la demostración final.
D32: Real | H32: =IF(E32="",IF($H$3>E31,$H$3-E31,""),IF(F32<>"",F32-F31,MAX(0,E32-E31,$H$3-F31)))
A34: Desv. (sem): semanas de atraso respecto del plan. En actividades terminadas, fin real contra fin planificado; en curso, el mayor entre el atraso de inicio y la semana actual contra el fin planificado; no iniciadas, semanas transcurridas desde el inicio planificado. Línea base: planificación aprobada en el hito H1.

Sheet Hitos
A1: HITOS DE AVANCE
A3: Hito | B3: Semana | C3: Fecha | D3: Descripción | E3: Estado | F3: Observación
A4: H1 | B4: 5 | C4: ='Carta Gantt'!$C$3+7*(B4-1)+5 -> 46277 | D4: Definición del proyecto aprobada: visión, alcance preliminar y planificación | E4: Cumplido | F4: Presentada el 10-09.
A5: H2 | B5: 6 | C5: ='Carta Gantt'!$C$3+7*(B5-1)+5 -> 46284 | D5: Requerimientos y mockups validados con Easy Office | E5: Cumplido | F5: Realizada el 08-10-2026 (S9). Ver ACTA-002.
A6: H3 | B6: 8 | C6: ='Carta Gantt'!$C$3+7*(B6-1)+5 -> 46298 | D6: Modelo de datos y arquitectura congelados | E6: En curso | F6: Versiones 1.0 emitidas; se congelan tras la validación.
A7: H4 | B7: 10 | C7: ='Carta Gantt'!$C$3+7*(B7-1)+5 -> 46312 | D7: Núcleo interno operativo (revisión de avance con Easy Office) | E7: Pendiente
A8: H5 | B8: 12 | C8: ='Carta Gantt'!$C$3+7*(B8-1)+5 -> 46326 | D8: Migración Excel → PostgreSQL ejecutada | E8: Pendiente | F8: Depende de la entrega de la planilla.
A9: H6 | B9: 13 | C9: ='Carta Gantt'!$C$3+7*(B9-1)+5 -> 46333 | D9: Primer trámite completo de extremo a extremo | E9: Pendiente
A10: H7 | B10: 15 | C10: ='Carta Gantt'!$C$3+7*(B10-1)+5 -> 46347 | D10: Integraciones en prueba y batería de pruebas | E10: Pendiente
A11: H8 | B11: 16 | C11: ='Carta Gantt'!$C$3+7*(B11-1)+5 -> 46354 | D11: MVP congelado y documentación técnica entregada | E11: Pendiente
A12: H9 | B12: 17 | C12: ='Carta Gantt'!$C$3+7*(B12-1)+5 -> 46361 | D12: Demostración final del MVP a Easy Office | E12: Pendiente
A13: H10 | B13: 18 | C13: ='Carta Gantt'!$C$3+7*(B13-1)+5 -> 46368 | D13: Cierre del proyecto y traspaso a Easy Office | E13: Pendiente
A15: Fecha = sábado de la semana indicada. Fuente: planificación del proyecto.

Sheet Plan de trabajo
A1: PLAN DE TRABAJO · 11 ACTIVIDADES
A3: N° | B3: Actividad | C3: Descripción | D3: Recursos | E3: Semanas | F3: Responsable | G3: Facilitadores | H3: Obstaculizadores
A4: 1 | B4: Levantamiento y validación de requerimientos | C4: Analizar entrevistas, requerimiento general, procesos actuales, actores, restricciones y dudas; validar con la contraparte. | D4: Reuniones, transcripciones, herramientas de modelado | E4: ="S"&'Carta Gantt'!E11&" – S"&'Carta Gantt'!F11 -> S1 – S3 | F4: ='Carta Gantt'!C11 -> Fernando / Equipo | G4: Contraparte comprometida y con proceso definido | H4: Disponibilidad de Easy Office y entrega de antecedentes
A5: 2 | B5: Product Vision, MVP y Product Backlog | C5: Priorizar funcionalidades y separar procesos automáticos, asistidos y fuera de alcance. | D5: Backlog, GitHub Projects, documentación | E5: ="S"&'Carta Gantt'!E13&" – S"&'Carta Gantt'!F13 -> S2 – S4 | F5: ='Carta Gantt'!C13 -> Fernando / Equipo | G5: Especificaciones formales de la contraparte | H5: Validación de alcance con Easy Office
A6: 3 | B6: Mockups y validación de flujos | C6: Diseñar pantallas y flujos del portal cliente y backoffice; presentarlos a la contraparte. | D6: Herramienta de prototipado | E6: ="S"&'Carta Gantt'!E15&" – S"&'Carta Gantt'!F15 -> S2 – S4 | F6: ='Carta Gantt'!C15 -> Marcos | G6: Experiencia del equipo en UX/UI | H6: Cambios según retroalimentación; agenda de la contraparte
A7: 4 | B7: Arquitectura y seguridad | C7: Definir componentes, API, autenticación, roles y permisos, auditoría e integraciones. | D7: Diagramas, documentación técnica | E7: ="S"&'Carta Gantt'!E17&" – S"&'Carta Gantt'!F17 -> S3 – S5 | F7: ='Carta Gantt'!C17 -> Fernando | G7: Stack conocido por el equipo | H7: Proveedor de firma y pago puede modificar integraciones
A8: 5 | B8: Modelo de datos y estrategia de migración | C8: Diseñar el modelo relacional y la estrategia para migrar datos desde Excel. | D8: PostgreSQL, herramienta ER | E8: ="S"&'Carta Gantt'!E19&" – S"&'Carta Gantt'!F19 -> S3 – S6 | F8: ='Carta Gantt'!C19 -> Nicolás | G8: Experiencia del equipo en PostgreSQL | H8: Estructura y calidad de la planilla actual
A9: 6 | B9: Implementación del núcleo interno | C9: Construir autenticación, usuarios, roles, clientes, servicios, estados y auditoría. | D9: Django, DRF, React, Git, Docker | E9: ="S"&'Carta Gantt'!E21&" – S"&'Carta Gantt'!F21 -> S5 – S10 | F9: ='Carta Gantt'!C21 -> Equipo | G9: Scaffold y entorno contenerizado | H9: Dedicación parcial del equipo
A10: 7 | B10: Automatización documental | C10: Implementar formularios configurables, plantillas y generación de documentos priorizados. | D10: Motor de plantillas, librerías PDF/DOCX | E10: ="S"&'Carta Gantt'!E23&" – S"&'Carta Gantt'!F23 -> S8 – S13 | F10: ='Carta Gantt'!C23 -> Fernando / Nicolás | G10: Documentos legales ya estandarizados por la contraparte | H10: Entrega y formato de las plantillas
A11: 8 | B11: Integración firma electrónica y pagos | C11: Integrar los servicios externos o implementar la capa desacoplada en ambiente de prueba. | D11: API del proveedor, sandbox, documentación | E11: ="S"&'Carta Gantt'!E25&" – S"&'Carta Gantt'!F25 -> S10 – S14 | F11: ='Carta Gantt'!C25 -> Fernando / Nicolás | G11: Interfaces desacopladas ya diseñadas | H11: Credenciales, API y decisión del proveedor de pago
A12: 9 | B12: Pruebas, correcciones y validación | C12: Ejecutar pruebas unitarias, de integración, seguridad, rendimiento y aceptación; corregir hallazgos. | D12: pytest, locust, bandit, checklist | E12: ="S"&'Carta Gantt'!E27&" – S"&'Carta Gantt'!F27 -> S9 – S15 | F12: ='Carta Gantt'!C27 -> Equipo | G12: Pruebas incorporadas a la Definition of Done | H12: Tiempo disponible antes del cierre
A13: 10 | B13: Despliegue y documentación técnica | C13: Contenerizar, configurar el ambiente, actualizar README y manual técnico. | D13: Docker, GitHub, hosting | E13: ="S"&'Carta Gantt'!E29&" – S"&'Carta Gantt'!F29 -> S13 – S16 | F13: ='Carta Gantt'!C29 -> Equipo | G13: Entorno contenerizado y portable | H13: Alojamiento sin definir
A14: 11 | B14: Cierre, entrega y traspaso | C14: Preparar la demostración final, entregar el MVP, la documentación y los accesos, y traspasar la operación a Easy Office. | D14: Demo, repositorio, manual técnico, acta de entrega | E14: ="S"&'Carta Gantt'!E31&" – S"&'Carta Gantt'!F31 -> S16 – S18 | F14: ='Carta Gantt'!C31 -> Equipo | G14: Evidencia acumulada por sprint | H14: Requiere MVP estable antes de la demo

Sheet Sprints
A1: CALENDARIO DE SPRINTS
A3: Sprint | B3: Semanas | C3: Inicio | D3: Término | E3: Foco | F3: Estado
A4: 1 | B4: ="S"&('Carta Gantt'!$H$4+2*(A4-1))&" – S"&('Carta Gantt'!$H$4+2*(A4-1)+1) -> S7 – S8 | C4: ='Carta Gantt'!$C$3+7*('Carta Gantt'!$H$4+2*(A4-1)-1)+1 -> 46287 | D4: =C4+11 -> 46298 | E4: Entorno, núcleo de datos y accesos | F4: =IF('Carta Gantt'!$C$4>D4,"Cerrado",IF('Carta Gantt'!$C$4>=C4,"En curso","Planificado")) -> Cerrado
A5: 2 | B5: ="S"&('Carta Gantt'!$H$4+2*(A5-1))&" – S"&('Carta Gantt'!$H$4+2*(A5-1)+1) -> S9 – S10 | C5: ='Carta Gantt'!$C$3+7*('Carta Gantt'!$H$4+2*(A5-1)-1)+1 -> 46301 | D5: =C5+11 -> 46312 | E5: Servicios contratados, vigencias y migración | F5: =IF('Carta Gantt'!$C$4>D5,"Cerrado",IF('Carta Gantt'!$C$4>=C5,"En curso","Planificado")) -> En curso
A6: 3 | B6: ="S"&('Carta Gantt'!$H$4+2*(A6-1))&" – S"&('Carta Gantt'!$H$4+2*(A6-1)+1) -> S11 – S12 | C6: ='Carta Gantt'!$C$3+7*('Carta Gantt'!$H$4+2*(A6-1)-1)+1 -> 46315 | D6: =C6+11 -> 46326 | E6: Motor configurable y generación documental | F6: =IF('Carta Gantt'!$C$4>D6,"Cerrado",IF('Carta Gantt'!$C$4>=C6,"En curso","Planificado")) -> Planificado
A7: 4 | B7: ="S"&('Carta Gantt'!$H$4+2*(A7-1))&" – S"&('Carta Gantt'!$H$4+2*(A7-1)+1) -> S13 – S14 | C7: ='Carta Gantt'!$C$3+7*('Carta Gantt'!$H$4+2*(A7-1)-1)+1 -> 46329 | D7: =C7+11 -> 46340 | E7: Portal de contratación e integraciones | F7: =IF('Carta Gantt'!$C$4>D7,"Cerrado",IF('Carta Gantt'!$C$4>=C7,"En curso","Planificado")) -> Planificado
A8: 5 | B8: ="S"&('Carta Gantt'!$H$4+2*(A8-1))&" – S"&('Carta Gantt'!$H$4+2*(A8-1)+1) -> S15 – S16 | C8: ='Carta Gantt'!$C$3+7*('Carta Gantt'!$H$4+2*(A8-1)-1)+1 -> 46343 | D8: =C8+11 -> 46354 | E8: Pruebas, despliegue y estabilización | F8: =IF('Carta Gantt'!$C$4>D8,"Cerrado",IF('Carta Gantt'!$C$4>=C8,"En curso","Planificado")) -> Planificado
A10: Sprints de dos semanas, de martes a viernes de la semana siguiente. Detalle en SPR-001.
